strategy,seed,operating_profit,revenue,closing_cash,occupancy,adr,rating,walks,crises,stage,worst_30_day_profit
conservative,67001,14365.05,160805.00,193027.80,0.773,143.45,3.92,0,9,1,-8981.75
conservative,67002,10254.05,153687.50,194671.30,0.717,147.16,3.69,0,9,1,-11729.80
conservative,67003,12864.95,155856.00,196429.00,0.733,145.84,3.75,0,6,1,-15424.95
normal,67001,11086.24,144495.75,41011.40,0.612,161.33,3.87,7,5,1,-4002.06
normal,67002,13141.81,146844.00,41119.05,0.597,168.92,3.82,1,8,1,-4178.85
normal,67003,22657.99,158771.25,36183.65,0.642,169.16,3.81,3,7,1,-4729.82
aggressive,67001,20688.44,112682.00,289119.22,0.409,183.53,3.32,1,6,1,-833.82
aggressive,67002,-23583.27,52459.75,249755.53,0.198,172.36,3.03,0,11,1,-12511.84
aggressive,67003,19138.63,108333.75,289655.59,0.388,186.20,2.99,2,8,1,-424.06
# conservative mean 12494.68 min 10254.05 max 14365.05 losing 0 worst30d -15424.95 occupancy 0.741 rating 3.79
# normal mean 15628.68 min 11086.24 max 22657.99 losing 0 worst30d -4729.82 occupancy 0.617 rating 3.83
# aggressive mean 5414.60 min -23583.27 max 20688.44 losing 1 worst30d -12511.84 occupancy 0.332 rating 3.11
