month,revenue,gross_profit,opex,net_profit,cash,chapter
2031-06,5658.00000000001,3829.36,4027.5,-198.139999999995,20862.24,ch4_growing_pains
2031-07,28062.8,16972.25,6782.58,10189.67,70849.14,ch7_supply_shock
2031-08,5469.12,3799.43,6904.57,-3105.14,66686.86,ch7_supply_shock
2031-09,5451.84,3747.53,6218.11,-2470.58,64396.27,ch8_green_shift
2031-10,6150.24,4191.86999999999,6531.37,660.499999999991,62149.63,ch10_digital_rails
2031-11,5873.75999999999,3956.94999999999,6312.74,-2355.79000000001,59571.79,ch12_regulation_scale
2031-12,6678.71999999999,4618.05999999999,6004.74,-1386.68000000001,56090.57,ch12_regulation_scale
2032-01,6929.27999999999,4877.08999999999,6658.61,-1781.52000000001,55145.09,ch12_regulation_scale
2032-02,6625.43999999999,4671.99999999999,5947.68,-1275.68000000001,53878.88,ch12_regulation_scale
2032-03,6396.47999999999,4528.07999999999,5853.95,-1325.87000000001,53766.29,ch12_regulation_scale
2032-04,7146.71999999999,5043.46999999999,6729.49,-1686.02000000001,51231.32,ch12_regulation_scale
2032-05,6163.19999999999,4282.54999999999,5851.62,-1569.07000000001,51147.57,ch12_regulation_scale
2032-06,6315.84,4231.62,5909.87,-1678.25,48336.11,ch12_regulation_scale
2032-07,6675.83999999999,4583.35999999999,6489.81,-1906.45000000001,45329.47,ch12_regulation_scale
2032-08,6033.59999999999,4083.24,5794.26,-1711.02,45612.28,ch12_regulation_scale
2032-09,6603.83999999999,4475.21999999999,5939.32,-1464.10000000001,42714.44,ch12_regulation_scale
2032-10,6657.11999999999,4481.36999999999,6518.81,-2037.44000000001,41093.46,ch12_regulation_scale
2032-11,6782.39999999999,4556.49999999999,6000.61,-1444.11000000001,40486.31,ch12_regulation_scale
