phase,strategy,chapter,objective,achieved_n,censored_n,min_day,p10_day,median_day,p90_day,max_day,chapter_elapsed_min_days,chapter_elapsed_median_days,chapter_elapsed_max_days
before,cautious,ch1_arrival,ch1_phone,3,0,1.0,1.0,1.0,1.0,1.0,0.0,0.0,0.0
before,cautious,ch1_arrival,ch1_outside,3,0,1.0,1.0,1.0,1.0,1.0,0.0,0.0,0.0
before,cautious,ch1_arrival,ch1_coffee,3,0,1.0,1.0,1.0,1.0,1.0,0.0,0.0,0.0
before,cautious,ch1_arrival,ch1_cowork,3,0,1.0,1.0,1.0,1.0,1.0,0.0,0.0,0.0
before,cautious,ch1_arrival,ch1_board,3,0,1.0,1.0,1.0,1.0,1.0,0.0,0.0,0.0
before,cautious,ch2_first_customer,ch2_supplier,3,0,1.0,1.0,1.0,1.0,1.0,0.0,0.0,0.0
before,cautious,ch2_first_customer,ch2_stock,3,0,3.0,3.0,3.0,3.0,3.0,2.0,2.0,2.0
before,cautious,ch2_first_customer,ch2_listing,3,0,3.0,3.0,3.0,3.0,3.0,2.0,2.0,2.0
before,cautious,ch2_first_customer,ch2_order,3,0,3.0,3.0,3.0,3.0,3.0,2.0,2.0,2.0
before,cautious,ch2_first_customer,ch2_ship,3,0,4.0,4.0,4.0,4.0,4.0,3.0,3.0,3.0
before,cautious,ch2_first_customer,ch2_first_dollar,3,0,7.0,7.0,7.0,7.0,7.0,6.0,6.0,6.0
before,cautious,ch2_first_customer,ch2_issue,3,0,8.0,8.0,8.0,8.0,8.0,7.0,7.0,7.0
before,cautious,ch3_open_for_business,ch3_register,3,0,8.0,8.0,8.0,8.0,8.0,0.0,0.0,0.0
before,cautious,ch3_open_for_business,ch3_bank,3,0,8.0,8.0,8.0,8.0,8.0,0.0,0.0,0.0
before,cautious,ch3_open_for_business,ch3_workspace,3,0,8.0,8.0,8.0,8.0,8.0,0.0,0.0,0.0
before,cautious,ch3_open_for_business,ch3_os,3,0,8.0,8.0,8.0,8.0,8.0,0.0,0.0,0.0
before,cautious,ch4_growing_pains,ch4_employer,3,0,31.0,31.0,31.0,31.0,31.0,23.0,23.0,23.0
before,cautious,ch4_growing_pains,ch4_post,3,0,31.0,31.0,31.0,31.0,31.0,23.0,23.0,23.0
before,cautious,ch4_growing_pains,ch4_hire,3,0,32.0,32.0,32.0,32.0,32.0,24.0,24.0,24.0
before,cautious,ch4_growing_pains,ch4_payroll,3,0,34.0,34.0,34.0,34.0,34.0,26.0,26.0,26.0
before,cautious,ch4_growing_pains,ch4_forecast,3,0,34.0,34.0,34.0,34.0,34.0,26.0,26.0,26.0
before,cautious,ch5_big_contract,ch5_meet,3,0,40.0,40.0,40.0,40.0,40.0,6.0,6.0,6.0
before,cautious,ch5_big_contract,ch5_decide,3,0,41.0,41.0,41.0,41.0,41.0,7.0,7.0,7.0
before,cautious,ch5_big_contract,ch5_stock,3,0,41.0,41.0,41.0,41.0,41.0,7.0,7.0,7.0
before,cautious,ch5_big_contract,ch5_deliver,3,0,43.0,43.0,43.0,43.0,43.0,9.0,9.0,9.0
before,cautious,ch6_cash_is_oxygen,ch6_forecast,3,0,44.0,44.0,44.0,44.0,44.0,1.0,1.0,1.0
before,cautious,ch6_cash_is_oxygen,ch6_bridge,3,0,44.0,44.0,44.0,44.0,44.0,1.0,1.0,1.0
before,cautious,ch6_cash_is_oxygen,ch6_collect,3,0,44.0,44.0,44.0,44.0,44.0,1.0,1.0,1.0
before,cautious,ch6_cash_is_oxygen,ch6_close,3,0,62.0,62.0,62.0,62.0,62.0,19.0,19.0,19.0
before,cautious,ch7_supply_shock,ch7_news,3,0,62.0,62.0,62.0,62.0,62.0,0.0,0.0,0.0
before,cautious,ch7_supply_shock,ch7_ken,3,0,64.0,64.0,64.0,64.0,64.0,2.0,2.0,2.0
before,cautious,ch7_supply_shock,ch7_stock,3,0,64.0,64.0,64.0,64.0,64.0,2.0,2.0,2.0
before,cautious,ch7_supply_shock,ch7_price,3,0,64.0,64.0,64.0,64.0,64.0,2.0,2.0,2.0
before,cautious,ch7_supply_shock,ch7_close,3,0,123.0,123.0,123.0,123.0,123.0,61.0,61.0,61.0
before,cautious,ch8_green_shift,ch8_news,3,0,123.0,123.0,123.0,123.0,123.0,0.0,0.0,0.0
before,cautious,ch8_green_shift,ch8_pack,3,0,123.0,123.0,123.0,123.0,123.0,0.0,0.0,0.0
before,cautious,ch8_green_shift,ch8_product,3,0,126.0,126.0,126.0,126.8,127.0,3.0,3.0,4.0
before,cautious,ch8_green_shift,ch8_grant,3,0,126.0,126.0,126.0,126.8,127.0,3.0,3.0,4.0
before,cautious,ch9_clearing_crisis,ch9_news,3,0,127.0,127.0,127.0,127.8,128.0,1.0,1.0,1.0
before,cautious,ch9_clearing_crisis,ch9_import,3,0,127.0,127.0,127.0,127.8,128.0,1.0,1.0,1.0
before,cautious,ch9_clearing_crisis,ch9_lina,3,0,127.0,127.0,127.0,127.8,128.0,1.0,1.0,1.0
before,cautious,ch9_clearing_crisis,ch9_settle,3,0,132.0,132.2,133.0,133.8,134.0,5.0,7.0,8.0
before,cautious,ch9_clearing_crisis,ch9_arrive,3,0,147.0,147.2,148.0,148.8,149.0,20.0,22.0,23.0
before,cautious,ch10_digital_rails,ch10_news,3,0,148.0,148.0,148.0,149.6,150.0,0.0,1.0,1.0
before,cautious,ch10_digital_rails,ch10_lina,3,0,150.0,150.0,150.0,151.6,152.0,2.0,3.0,3.0
before,cautious,ch10_digital_rails,ch10_import,3,0,150.0,150.0,150.0,151.6,152.0,2.0,3.0,3.0
before,cautious,ch10_digital_rails,ch10_arrive,3,0,162.0,162.0,162.0,163.6,164.0,14.0,15.0,15.0
before,cautious,ch11_other_side_of_trust,ch11_news,3,0,162.0,162.0,162.0,164.4,165.0,0.0,0.0,1.0
before,cautious,ch11_other_side_of_trust,ch11_order,3,0,162.0,162.0,162.0,164.4,165.0,0.0,0.0,1.0
before,cautious,ch11_other_side_of_trust,ch11_freeze,3,0,168.0,168.0,168.0,170.4,171.0,6.0,6.0,7.0
before,cautious,ch11_other_side_of_trust,ch11_restock,3,0,178.0,178.0,178.0,180.4,181.0,16.0,16.0,17.0
before,cautious,ch12_regulation_scale,ch12_news,3,0,178.0,178.2,179.0,180.6,181.0,0.0,0.0,1.0
before,cautious,ch12_regulation_scale,ch12_licence,3,0,180.0,180.2,181.0,182.6,183.0,2.0,2.0,3.0
before,cautious,ch12_regulation_scale,ch12_kyc,3,0,183.0,183.2,184.0,185.6,186.0,5.0,5.0,6.0
before,cautious,ch12_regulation_scale,ch12_offer,3,0,186.0,186.2,187.0,188.6,189.0,8.0,8.0,9.0
before,aggressive,ch1_arrival,ch1_phone,3,0,1.0,1.0,1.0,1.0,1.0,0.0,0.0,0.0
before,aggressive,ch1_arrival,ch1_outside,3,0,1.0,1.0,1.0,1.0,1.0,0.0,0.0,0.0
before,aggressive,ch1_arrival,ch1_coffee,3,0,1.0,1.0,1.0,1.0,1.0,0.0,0.0,0.0
before,aggressive,ch1_arrival,ch1_cowork,3,0,1.0,1.0,1.0,1.0,1.0,0.0,0.0,0.0
before,aggressive,ch1_arrival,ch1_board,3,0,1.0,1.0,1.0,1.0,1.0,0.0,0.0,0.0
before,aggressive,ch2_first_customer,ch2_supplier,3,0,1.0,1.0,1.0,1.0,1.0,0.0,0.0,0.0
before,aggressive,ch2_first_customer,ch2_stock,3,0,3.0,3.0,3.0,3.0,3.0,2.0,2.0,2.0
before,aggressive,ch2_first_customer,ch2_listing,3,0,3.0,3.0,3.0,3.0,3.0,2.0,2.0,2.0
before,aggressive,ch2_first_customer,ch2_order,3,0,3.0,3.0,3.0,3.0,3.0,2.0,2.0,2.0
before,aggressive,ch2_first_customer,ch2_ship,3,0,4.0,4.0,4.0,4.0,4.0,3.0,3.0,3.0
before,aggressive,ch2_first_customer,ch2_first_dollar,3,0,7.0,7.0,7.0,7.0,7.0,6.0,6.0,6.0
before,aggressive,ch2_first_customer,ch2_issue,3,0,8.0,8.0,8.0,8.0,8.0,7.0,7.0,7.0
before,aggressive,ch3_open_for_business,ch3_register,3,0,8.0,8.0,8.0,8.0,8.0,0.0,0.0,0.0
before,aggressive,ch3_open_for_business,ch3_bank,3,0,8.0,8.0,8.0,8.0,8.0,0.0,0.0,0.0
before,aggressive,ch3_open_for_business,ch3_workspace,3,0,8.0,8.0,8.0,8.0,8.0,0.0,0.0,0.0
before,aggressive,ch3_open_for_business,ch3_os,3,0,8.0,8.0,8.0,8.0,8.0,0.0,0.0,0.0
before,aggressive,ch4_growing_pains,ch4_employer,3,0,31.0,31.0,31.0,31.0,31.0,23.0,23.0,23.0
before,aggressive,ch4_growing_pains,ch4_post,3,0,31.0,31.0,31.0,31.0,31.0,23.0,23.0,23.0
before,aggressive,ch4_growing_pains,ch4_hire,3,0,32.0,32.0,32.0,32.0,32.0,24.0,24.0,24.0
before,aggressive,ch4_growing_pains,ch4_payroll,3,0,34.0,34.0,34.0,34.0,34.0,26.0,26.0,26.0
before,aggressive,ch4_growing_pains,ch4_forecast,3,0,34.0,34.0,34.0,34.0,34.0,26.0,26.0,26.0
before,aggressive,ch5_big_contract,ch5_meet,3,0,40.0,40.0,40.0,40.0,40.0,6.0,6.0,6.0
before,aggressive,ch5_big_contract,ch5_decide,3,0,41.0,41.0,41.0,41.0,41.0,7.0,7.0,7.0
before,aggressive,ch5_big_contract,ch5_stock,3,0,41.0,41.0,41.0,41.0,41.0,7.0,7.0,7.0
before,aggressive,ch5_big_contract,ch5_deliver,3,0,43.0,43.0,43.0,43.8,44.0,9.0,9.0,10.0
before,aggressive,ch6_cash_is_oxygen,ch6_forecast,3,0,44.0,44.0,44.0,44.8,45.0,1.0,1.0,1.0
before,aggressive,ch6_cash_is_oxygen,ch6_bridge,3,0,44.0,44.0,44.0,44.8,45.0,1.0,1.0,1.0
before,aggressive,ch6_cash_is_oxygen,ch6_collect,3,0,44.0,44.0,44.0,44.8,45.0,1.0,1.0,1.0
before,aggressive,ch6_cash_is_oxygen,ch6_close,3,0,62.0,62.0,62.0,62.0,62.0,18.0,19.0,19.0
before,aggressive,ch7_supply_shock,ch7_news,3,0,62.0,62.0,62.0,62.0,62.0,0.0,0.0,0.0
before,aggressive,ch7_supply_shock,ch7_ken,3,0,64.0,64.0,64.0,64.0,64.0,2.0,2.0,2.0
before,aggressive,ch7_supply_shock,ch7_stock,3,0,64.0,64.0,64.0,64.0,64.0,2.0,2.0,2.0
before,aggressive,ch7_supply_shock,ch7_price,3,0,64.0,64.0,64.0,64.0,64.0,2.0,2.0,2.0
before,aggressive,ch7_supply_shock,ch7_close,3,0,123.0,123.0,123.0,123.0,123.0,61.0,61.0,61.0
before,aggressive,ch8_green_shift,ch8_news,3,0,123.0,123.0,123.0,123.0,123.0,0.0,0.0,0.0
before,aggressive,ch8_green_shift,ch8_pack,3,0,123.0,123.0,123.0,123.0,123.0,0.0,0.0,0.0
before,aggressive,ch8_green_shift,ch8_product,3,0,126.0,126.0,126.0,126.0,126.0,3.0,3.0,3.0
before,aggressive,ch8_green_shift,ch8_grant,3,0,126.0,126.0,126.0,126.0,126.0,3.0,3.0,3.0
before,aggressive,ch9_clearing_crisis,ch9_news,3,0,127.0,127.0,127.0,127.0,127.0,1.0,1.0,1.0
before,aggressive,ch9_clearing_crisis,ch9_import,3,0,127.0,127.0,127.0,127.0,127.0,1.0,1.0,1.0
before,aggressive,ch9_clearing_crisis,ch9_lina,3,0,127.0,127.0,127.0,127.0,127.0,1.0,1.0,1.0
before,aggressive,ch9_clearing_crisis,ch9_settle,3,0,131.0,131.2,132.0,134.4,135.0,5.0,6.0,9.0
before,aggressive,ch9_clearing_crisis,ch9_arrive,3,0,146.0,146.2,147.0,149.4,150.0,20.0,21.0,24.0
before,aggressive,ch10_digital_rails,ch10_news,3,0,146.0,146.2,147.0,149.4,150.0,0.0,0.0,0.0
before,aggressive,ch10_digital_rails,ch10_lina,3,0,148.0,148.2,149.0,151.4,152.0,2.0,2.0,2.0
before,aggressive,ch10_digital_rails,ch10_import,3,0,148.0,148.2,149.0,151.4,152.0,2.0,2.0,2.0
before,aggressive,ch10_digital_rails,ch10_arrive,3,0,160.0,160.2,161.0,163.4,164.0,14.0,14.0,14.0
before,aggressive,ch11_other_side_of_trust,ch11_news,3,0,161.0,161.0,161.0,164.2,165.0,0.0,1.0,1.0
before,aggressive,ch11_other_side_of_trust,ch11_order,3,0,161.0,161.0,161.0,164.2,165.0,0.0,1.0,1.0
before,aggressive,ch11_other_side_of_trust,ch11_freeze,3,0,167.0,167.0,167.0,170.2,171.0,6.0,7.0,7.0
before,aggressive,ch11_other_side_of_trust,ch11_restock,3,0,177.0,177.2,178.0,181.2,182.0,17.0,17.0,18.0
before,aggressive,ch12_regulation_scale,ch12_news,3,0,178.0,178.0,178.0,182.0,183.0,0.0,1.0,1.0
before,aggressive,ch12_regulation_scale,ch12_licence,3,0,180.0,180.0,180.0,184.0,185.0,2.0,3.0,3.0
before,aggressive,ch12_regulation_scale,ch12_kyc,3,0,183.0,183.0,183.0,187.0,188.0,5.0,6.0,6.0
before,aggressive,ch12_regulation_scale,ch12_offer,3,0,186.0,186.0,186.0,190.0,191.0,8.0,9.0,9.0
before,casual,ch1_arrival,ch1_phone,3,0,1.0,1.0,1.0,1.0,1.0,0.0,0.0,0.0
before,casual,ch1_arrival,ch1_outside,3,0,1.0,1.0,1.0,1.0,1.0,0.0,0.0,0.0
before,casual,ch1_arrival,ch1_coffee,3,0,1.0,1.0,1.0,1.0,1.0,0.0,0.0,0.0
before,casual,ch1_arrival,ch1_cowork,3,0,1.0,1.0,1.0,1.0,1.0,0.0,0.0,0.0
before,casual,ch1_arrival,ch1_board,3,0,1.0,1.0,1.0,1.0,1.0,0.0,0.0,0.0
before,casual,ch2_first_customer,ch2_supplier,3,0,3.0,3.0,3.0,3.0,3.0,2.0,2.0,2.0
before,casual,ch2_first_customer,ch2_stock,3,0,5.0,5.0,5.0,5.0,5.0,4.0,4.0,4.0
before,casual,ch2_first_customer,ch2_listing,3,0,5.0,5.0,5.0,5.0,5.0,4.0,4.0,4.0
before,casual,ch2_first_customer,ch2_order,3,0,5.0,5.0,5.0,5.0,5.0,4.0,4.0,4.0
before,casual,ch2_first_customer,ch2_ship,3,0,6.0,6.0,6.0,6.0,6.0,5.0,5.0,5.0
before,casual,ch2_first_customer,ch2_first_dollar,3,0,9.0,9.0,9.0,9.0,9.0,8.0,8.0,8.0
before,casual,ch2_first_customer,ch2_issue,3,0,10.0,10.0,10.0,10.0,10.0,9.0,9.0,9.0
before,casual,ch3_open_for_business,ch3_register,3,0,10.0,10.0,10.0,10.0,10.0,0.0,0.0,0.0
before,casual,ch3_open_for_business,ch3_bank,3,0,10.0,10.0,10.0,10.0,10.0,0.0,0.0,0.0
before,casual,ch3_open_for_business,ch3_workspace,3,0,10.0,10.0,10.0,10.0,10.0,0.0,0.0,0.0
before,casual,ch3_open_for_business,ch3_os,3,0,10.0,10.0,10.0,10.0,10.0,0.0,0.0,0.0
before,casual,ch4_growing_pains,ch4_employer,3,0,31.0,31.0,31.0,31.0,31.0,21.0,21.0,21.0
before,casual,ch4_growing_pains,ch4_post,3,0,31.0,31.0,31.0,31.0,31.0,21.0,21.0,21.0
before,casual,ch4_growing_pains,ch4_hire,3,0,32.0,32.0,32.0,32.0,32.0,22.0,22.0,22.0
before,casual,ch4_growing_pains,ch4_payroll,3,0,34.0,34.0,34.0,34.0,34.0,24.0,24.0,24.0
before,casual,ch4_growing_pains,ch4_forecast,3,0,34.0,34.0,34.0,34.0,34.0,24.0,24.0,24.0
before,casual,ch5_big_contract,ch5_meet,3,0,40.0,40.0,40.0,40.0,40.0,6.0,6.0,6.0
before,casual,ch5_big_contract,ch5_decide,3,0,41.0,41.0,41.0,41.0,41.0,7.0,7.0,7.0
before,casual,ch5_big_contract,ch5_stock,3,0,41.0,41.0,41.0,41.0,41.0,7.0,7.0,7.0
before,casual,ch5_big_contract,ch5_deliver,3,0,43.0,43.2,44.0,44.0,44.0,9.0,10.0,10.0
before,casual,ch6_cash_is_oxygen,ch6_forecast,3,0,44.0,44.2,45.0,45.0,45.0,1.0,1.0,1.0
before,casual,ch6_cash_is_oxygen,ch6_bridge,3,0,44.0,44.2,45.0,45.0,45.0,1.0,1.0,1.0
before,casual,ch6_cash_is_oxygen,ch6_collect,3,0,44.0,44.2,45.0,45.0,45.0,1.0,1.0,1.0
before,casual,ch6_cash_is_oxygen,ch6_close,3,0,62.0,62.0,62.0,62.0,62.0,18.0,18.0,19.0
before,casual,ch7_supply_shock,ch7_news,3,0,62.0,62.0,62.0,62.0,62.0,0.0,0.0,0.0
before,casual,ch7_supply_shock,ch7_ken,3,0,64.0,64.0,64.0,64.0,64.0,2.0,2.0,2.0
before,casual,ch7_supply_shock,ch7_stock,3,0,64.0,64.0,64.0,64.0,64.0,2.0,2.0,2.0
before,casual,ch7_supply_shock,ch7_price,0,3,NOT ACHIEVED,NOT ACHIEVED,NOT ACHIEVED,NOT ACHIEVED,NOT ACHIEVED,NOT ACHIEVED,NOT ACHIEVED,NOT ACHIEVED
before,casual,ch7_supply_shock,ch7_close,0,3,NOT ACHIEVED,NOT ACHIEVED,NOT ACHIEVED,NOT ACHIEVED,NOT ACHIEVED,NOT ACHIEVED,NOT ACHIEVED,NOT ACHIEVED
before,casual,ch8_green_shift,ch8_news,0,3,NOT ACHIEVED,NOT ACHIEVED,NOT ACHIEVED,NOT ACHIEVED,NOT ACHIEVED,NOT ACHIEVED,NOT ACHIEVED,NOT ACHIEVED
before,casual,ch8_green_shift,ch8_pack,0,3,NOT ACHIEVED,NOT ACHIEVED,NOT ACHIEVED,NOT ACHIEVED,NOT ACHIEVED,NOT ACHIEVED,NOT ACHIEVED,NOT ACHIEVED
before,casual,ch8_green_shift,ch8_product,0,3,NOT ACHIEVED,NOT ACHIEVED,NOT ACHIEVED,NOT ACHIEVED,NOT ACHIEVED,NOT ACHIEVED,NOT ACHIEVED,NOT ACHIEVED
before,casual,ch8_green_shift,ch8_grant,0,3,NOT ACHIEVED,NOT ACHIEVED,NOT ACHIEVED,NOT ACHIEVED,NOT ACHIEVED,NOT ACHIEVED,NOT ACHIEVED,NOT ACHIEVED
before,casual,ch9_clearing_crisis,ch9_news,0,3,NOT ACHIEVED,NOT ACHIEVED,NOT ACHIEVED,NOT ACHIEVED,NOT ACHIEVED,NOT ACHIEVED,NOT ACHIEVED,NOT ACHIEVED
before,casual,ch9_clearing_crisis,ch9_import,0,3,NOT ACHIEVED,NOT ACHIEVED,NOT ACHIEVED,NOT ACHIEVED,NOT ACHIEVED,NOT ACHIEVED,NOT ACHIEVED,NOT ACHIEVED
before,casual,ch9_clearing_crisis,ch9_lina,0,3,NOT ACHIEVED,NOT ACHIEVED,NOT ACHIEVED,NOT ACHIEVED,NOT ACHIEVED,NOT ACHIEVED,NOT ACHIEVED,NOT ACHIEVED
before,casual,ch9_clearing_crisis,ch9_settle,0,3,NOT ACHIEVED,NOT ACHIEVED,NOT ACHIEVED,NOT ACHIEVED,NOT ACHIEVED,NOT ACHIEVED,NOT ACHIEVED,NOT ACHIEVED
before,casual,ch9_clearing_crisis,ch9_arrive,0,3,NOT ACHIEVED,NOT ACHIEVED,NOT ACHIEVED,NOT ACHIEVED,NOT ACHIEVED,NOT ACHIEVED,NOT ACHIEVED,NOT ACHIEVED
before,casual,ch10_digital_rails,ch10_news,0,3,NOT ACHIEVED,NOT ACHIEVED,NOT ACHIEVED,NOT ACHIEVED,NOT ACHIEVED,NOT ACHIEVED,NOT ACHIEVED,NOT ACHIEVED
before,casual,ch10_digital_rails,ch10_lina,0,3,NOT ACHIEVED,NOT ACHIEVED,NOT ACHIEVED,NOT ACHIEVED,NOT ACHIEVED,NOT ACHIEVED,NOT ACHIEVED,NOT ACHIEVED
before,casual,ch10_digital_rails,ch10_import,0,3,NOT ACHIEVED,NOT ACHIEVED,NOT ACHIEVED,NOT ACHIEVED,NOT ACHIEVED,NOT ACHIEVED,NOT ACHIEVED,NOT ACHIEVED
before,casual,ch10_digital_rails,ch10_arrive,0,3,NOT ACHIEVED,NOT ACHIEVED,NOT ACHIEVED,NOT ACHIEVED,NOT ACHIEVED,NOT ACHIEVED,NOT ACHIEVED,NOT ACHIEVED
before,casual,ch11_other_side_of_trust,ch11_news,0,3,NOT ACHIEVED,NOT ACHIEVED,NOT ACHIEVED,NOT ACHIEVED,NOT ACHIEVED,NOT ACHIEVED,NOT ACHIEVED,NOT ACHIEVED
before,casual,ch11_other_side_of_trust,ch11_order,0,3,NOT ACHIEVED,NOT ACHIEVED,NOT ACHIEVED,NOT ACHIEVED,NOT ACHIEVED,NOT ACHIEVED,NOT ACHIEVED,NOT ACHIEVED
before,casual,ch11_other_side_of_trust,ch11_freeze,0,3,NOT ACHIEVED,NOT ACHIEVED,NOT ACHIEVED,NOT ACHIEVED,NOT ACHIEVED,NOT ACHIEVED,NOT ACHIEVED,NOT ACHIEVED
before,casual,ch11_other_side_of_trust,ch11_restock,0,3,NOT ACHIEVED,NOT ACHIEVED,NOT ACHIEVED,NOT ACHIEVED,NOT ACHIEVED,NOT ACHIEVED,NOT ACHIEVED,NOT ACHIEVED
before,casual,ch12_regulation_scale,ch12_news,0,3,NOT ACHIEVED,NOT ACHIEVED,NOT ACHIEVED,NOT ACHIEVED,NOT ACHIEVED,NOT ACHIEVED,NOT ACHIEVED,NOT ACHIEVED
before,casual,ch12_regulation_scale,ch12_licence,0,3,NOT ACHIEVED,NOT ACHIEVED,NOT ACHIEVED,NOT ACHIEVED,NOT ACHIEVED,NOT ACHIEVED,NOT ACHIEVED,NOT ACHIEVED
before,casual,ch12_regulation_scale,ch12_kyc,0,3,NOT ACHIEVED,NOT ACHIEVED,NOT ACHIEVED,NOT ACHIEVED,NOT ACHIEVED,NOT ACHIEVED,NOT ACHIEVED,NOT ACHIEVED
before,casual,ch12_regulation_scale,ch12_offer,0,3,NOT ACHIEVED,NOT ACHIEVED,NOT ACHIEVED,NOT ACHIEVED,NOT ACHIEVED,NOT ACHIEVED,NOT ACHIEVED,NOT ACHIEVED
after,cautious,ch1_arrival,ch1_phone,3,0,1.0,1.0,1.0,1.0,1.0,0.0,0.0,0.0
after,cautious,ch1_arrival,ch1_outside,3,0,1.0,1.0,1.0,1.0,1.0,0.0,0.0,0.0
after,cautious,ch1_arrival,ch1_coffee,3,0,1.0,1.0,1.0,1.0,1.0,0.0,0.0,0.0
after,cautious,ch1_arrival,ch1_cowork,3,0,1.0,1.0,1.0,1.0,1.0,0.0,0.0,0.0
after,cautious,ch1_arrival,ch1_board,3,0,1.0,1.0,1.0,1.0,1.0,0.0,0.0,0.0
after,cautious,ch2_first_customer,ch2_supplier,3,0,1.0,1.0,1.0,1.0,1.0,0.0,0.0,0.0
after,cautious,ch2_first_customer,ch2_stock,3,0,3.0,3.0,3.0,3.0,3.0,2.0,2.0,2.0
after,cautious,ch2_first_customer,ch2_listing,3,0,3.0,3.0,3.0,3.0,3.0,2.0,2.0,2.0
after,cautious,ch2_first_customer,ch2_order,3,0,3.0,3.0,3.0,3.0,3.0,2.0,2.0,2.0
after,cautious,ch2_first_customer,ch2_ship,3,0,4.0,4.0,4.0,4.0,4.0,3.0,3.0,3.0
after,cautious,ch2_first_customer,ch2_first_dollar,3,0,7.0,7.0,7.0,7.0,7.0,6.0,6.0,6.0
after,cautious,ch2_first_customer,ch2_issue,3,0,8.0,8.0,8.0,8.0,8.0,7.0,7.0,7.0
after,cautious,ch3_open_for_business,ch3_register,3,0,8.0,8.0,8.0,8.0,8.0,0.0,0.0,0.0
after,cautious,ch3_open_for_business,ch3_bank,3,0,8.0,8.0,8.0,8.0,8.0,0.0,0.0,0.0
after,cautious,ch3_open_for_business,ch3_workspace,3,0,8.0,8.0,8.0,8.0,8.0,0.0,0.0,0.0
after,cautious,ch3_open_for_business,ch3_os,3,0,8.0,8.0,8.0,8.0,8.0,0.0,0.0,0.0
after,cautious,ch4_growing_pains,ch4_employer,3,0,31.0,31.0,31.0,31.0,31.0,23.0,23.0,23.0
after,cautious,ch4_growing_pains,ch4_post,3,0,31.0,31.0,31.0,31.0,31.0,23.0,23.0,23.0
after,cautious,ch4_growing_pains,ch4_hire,3,0,32.0,32.0,32.0,32.0,32.0,24.0,24.0,24.0
after,cautious,ch4_growing_pains,ch4_payroll,3,0,34.0,34.0,34.0,34.0,34.0,26.0,26.0,26.0
after,cautious,ch4_growing_pains,ch4_forecast,3,0,34.0,34.0,34.0,34.0,34.0,26.0,26.0,26.0
after,cautious,ch5_big_contract,ch5_meet,3,0,40.0,40.0,40.0,40.0,40.0,6.0,6.0,6.0
after,cautious,ch5_big_contract,ch5_decide,3,0,41.0,41.0,41.0,41.0,41.0,7.0,7.0,7.0
after,cautious,ch5_big_contract,ch5_stock,3,0,41.0,41.0,41.0,41.0,41.0,7.0,7.0,7.0
after,cautious,ch5_big_contract,ch5_deliver,3,0,43.0,43.0,43.0,43.0,43.0,9.0,9.0,9.0
after,cautious,ch6_cash_is_oxygen,ch6_forecast,3,0,44.0,44.0,44.0,44.0,44.0,1.0,1.0,1.0
after,cautious,ch6_cash_is_oxygen,ch6_bridge,3,0,44.0,44.0,44.0,44.0,44.0,1.0,1.0,1.0
after,cautious,ch6_cash_is_oxygen,ch6_collect,3,0,44.0,44.0,44.0,44.0,44.0,1.0,1.0,1.0
after,cautious,ch6_cash_is_oxygen,ch6_close,3,0,62.0,62.0,62.0,62.0,62.0,19.0,19.0,19.0
after,cautious,ch7_supply_shock,ch7_news,3,0,62.0,62.0,62.0,62.0,62.0,0.0,0.0,0.0
after,cautious,ch7_supply_shock,ch7_ken,3,0,64.0,64.0,64.0,64.0,64.0,2.0,2.0,2.0
after,cautious,ch7_supply_shock,ch7_stock,3,0,64.0,64.0,64.0,64.0,64.0,2.0,2.0,2.0
after,cautious,ch7_supply_shock,ch7_price,3,0,64.0,64.0,64.0,64.0,64.0,2.0,2.0,2.0
after,cautious,ch7_supply_shock,ch7_close,3,0,93.0,93.0,93.0,93.0,93.0,31.0,31.0,31.0
after,cautious,ch8_green_shift,ch8_news,3,0,93.0,93.0,93.0,93.0,93.0,0.0,0.0,0.0
after,cautious,ch8_green_shift,ch8_pack,3,0,93.0,93.0,93.0,93.0,93.0,0.0,0.0,0.0
after,cautious,ch8_green_shift,ch8_product,3,0,96.0,96.0,96.0,96.0,96.0,3.0,3.0,3.0
after,cautious,ch8_green_shift,ch8_grant,3,0,96.0,96.0,96.0,96.0,96.0,3.0,3.0,3.0
after,cautious,ch9_clearing_crisis,ch9_news,3,0,97.0,97.0,97.0,97.0,97.0,1.0,1.0,1.0
after,cautious,ch9_clearing_crisis,ch9_import,3,0,97.0,97.0,97.0,97.0,97.0,1.0,1.0,1.0
after,cautious,ch9_clearing_crisis,ch9_lina,3,0,97.0,97.0,97.0,97.0,97.0,1.0,1.0,1.0
after,cautious,ch9_clearing_crisis,ch9_settle,3,0,103.0,103.2,104.0,104.0,104.0,7.0,8.0,8.0
after,cautious,ch9_clearing_crisis,ch9_arrive,3,0,118.0,118.2,119.0,119.0,119.0,22.0,23.0,23.0
after,cautious,ch10_digital_rails,ch10_news,3,0,119.0,119.0,119.0,119.0,119.0,0.0,0.0,1.0
after,cautious,ch10_digital_rails,ch10_lina,3,0,121.0,121.0,121.0,121.0,121.0,2.0,2.0,3.0
after,cautious,ch10_digital_rails,ch10_import,3,0,121.0,121.0,121.0,121.0,121.0,2.0,2.0,3.0
after,cautious,ch10_digital_rails,ch10_arrive,3,0,133.0,133.0,133.0,133.0,133.0,14.0,14.0,15.0
after,cautious,ch11_other_side_of_trust,ch11_news,3,0,134.0,134.0,134.0,134.0,134.0,1.0,1.0,1.0
after,cautious,ch11_other_side_of_trust,ch11_order,3,0,134.0,134.0,134.0,134.0,134.0,1.0,1.0,1.0
after,cautious,ch11_other_side_of_trust,ch11_freeze,3,0,140.0,140.0,140.0,140.0,140.0,7.0,7.0,7.0
after,cautious,ch11_other_side_of_trust,ch11_restock,3,0,150.0,150.0,150.0,150.8,151.0,17.0,17.0,18.0
after,cautious,ch12_regulation_scale,ch12_news,3,0,150.0,150.2,151.0,151.0,151.0,0.0,0.0,1.0
after,cautious,ch12_regulation_scale,ch12_licence,3,0,152.0,152.2,153.0,153.0,153.0,2.0,2.0,3.0
after,cautious,ch12_regulation_scale,ch12_kyc,3,0,155.0,155.2,156.0,156.0,156.0,5.0,5.0,6.0
after,cautious,ch12_regulation_scale,ch12_offer,3,0,158.0,158.2,159.0,159.0,159.0,8.0,8.0,9.0
after,aggressive,ch1_arrival,ch1_phone,3,0,1.0,1.0,1.0,1.0,1.0,0.0,0.0,0.0
after,aggressive,ch1_arrival,ch1_outside,3,0,1.0,1.0,1.0,1.0,1.0,0.0,0.0,0.0
after,aggressive,ch1_arrival,ch1_coffee,3,0,1.0,1.0,1.0,1.0,1.0,0.0,0.0,0.0
after,aggressive,ch1_arrival,ch1_cowork,3,0,1.0,1.0,1.0,1.0,1.0,0.0,0.0,0.0
after,aggressive,ch1_arrival,ch1_board,3,0,1.0,1.0,1.0,1.0,1.0,0.0,0.0,0.0
after,aggressive,ch2_first_customer,ch2_supplier,3,0,1.0,1.0,1.0,1.0,1.0,0.0,0.0,0.0
after,aggressive,ch2_first_customer,ch2_stock,3,0,3.0,3.0,3.0,3.0,3.0,2.0,2.0,2.0
after,aggressive,ch2_first_customer,ch2_listing,3,0,3.0,3.2,4.0,4.0,4.0,2.0,3.0,3.0
after,aggressive,ch2_first_customer,ch2_order,3,0,3.0,3.2,4.0,4.0,4.0,2.0,3.0,3.0
after,aggressive,ch2_first_customer,ch2_ship,3,0,4.0,4.2,5.0,5.0,5.0,3.0,4.0,4.0
after,aggressive,ch2_first_customer,ch2_first_dollar,3,0,7.0,7.2,8.0,8.0,8.0,6.0,7.0,7.0
after,aggressive,ch2_first_customer,ch2_issue,3,0,8.0,8.2,9.0,9.0,9.0,7.0,8.0,8.0
after,aggressive,ch3_open_for_business,ch3_register,3,0,8.0,8.2,9.0,9.0,9.0,0.0,0.0,0.0
after,aggressive,ch3_open_for_business,ch3_bank,3,0,8.0,8.2,9.0,9.0,9.0,0.0,0.0,0.0
after,aggressive,ch3_open_for_business,ch3_workspace,3,0,8.0,8.2,9.0,9.0,9.0,0.0,0.0,0.0
after,aggressive,ch3_open_for_business,ch3_os,3,0,8.0,8.2,9.0,9.0,9.0,0.0,0.0,0.0
after,aggressive,ch4_growing_pains,ch4_employer,3,0,31.0,31.0,31.0,31.0,31.0,22.0,22.0,23.0
after,aggressive,ch4_growing_pains,ch4_post,3,0,31.0,31.0,31.0,31.0,31.0,22.0,22.0,23.0
after,aggressive,ch4_growing_pains,ch4_hire,3,0,32.0,32.0,32.0,32.0,32.0,23.0,23.0,24.0
after,aggressive,ch4_growing_pains,ch4_payroll,3,0,34.0,34.0,34.0,34.0,34.0,25.0,25.0,26.0
after,aggressive,ch4_growing_pains,ch4_forecast,3,0,34.0,34.0,34.0,34.0,34.0,25.0,25.0,26.0
after,aggressive,ch5_big_contract,ch5_meet,3,0,40.0,40.0,40.0,40.0,40.0,6.0,6.0,6.0
after,aggressive,ch5_big_contract,ch5_decide,3,0,41.0,41.0,41.0,41.0,41.0,7.0,7.0,7.0
after,aggressive,ch5_big_contract,ch5_stock,3,0,41.0,42.8,50.0,50.0,50.0,7.0,16.0,16.0
after,aggressive,ch5_big_contract,ch5_deliver,3,0,43.0,44.8,52.0,52.8,53.0,9.0,18.0,19.0
after,aggressive,ch6_cash_is_oxygen,ch6_forecast,3,0,44.0,45.8,53.0,53.8,54.0,1.0,1.0,1.0
after,aggressive,ch6_cash_is_oxygen,ch6_bridge,3,0,44.0,45.8,53.0,53.8,54.0,1.0,1.0,1.0
after,aggressive,ch6_cash_is_oxygen,ch6_collect,3,0,44.0,45.8,53.0,53.8,54.0,1.0,1.0,1.0
after,aggressive,ch6_cash_is_oxygen,ch6_close,3,0,62.0,62.0,62.0,62.0,62.0,9.0,10.0,19.0
after,aggressive,ch7_supply_shock,ch7_news,3,0,62.0,62.0,62.0,62.0,62.0,0.0,0.0,0.0
after,aggressive,ch7_supply_shock,ch7_ken,3,0,64.0,64.0,64.0,64.0,64.0,2.0,2.0,2.0
after,aggressive,ch7_supply_shock,ch7_stock,3,0,64.0,64.0,64.0,64.0,64.0,2.0,2.0,2.0
after,aggressive,ch7_supply_shock,ch7_price,3,0,64.0,64.0,64.0,64.0,64.0,2.0,2.0,2.0
after,aggressive,ch7_supply_shock,ch7_close,3,0,93.0,93.0,93.0,93.0,93.0,31.0,31.0,31.0
after,aggressive,ch8_green_shift,ch8_news,3,0,93.0,93.0,93.0,93.0,93.0,0.0,0.0,0.0
after,aggressive,ch8_green_shift,ch8_pack,3,0,93.0,93.0,93.0,93.0,93.0,0.0,0.0,0.0
after,aggressive,ch8_green_shift,ch8_product,3,0,96.0,96.0,96.0,96.8,97.0,3.0,3.0,4.0
after,aggressive,ch8_green_shift,ch8_grant,3,0,96.0,96.0,96.0,96.8,97.0,3.0,3.0,4.0
after,aggressive,ch9_clearing_crisis,ch9_news,3,0,97.0,97.0,97.0,97.8,98.0,1.0,1.0,1.0
after,aggressive,ch9_clearing_crisis,ch9_import,3,0,97.0,97.0,97.0,97.8,98.0,1.0,1.0,1.0
after,aggressive,ch9_clearing_crisis,ch9_lina,3,0,97.0,97.0,97.0,97.8,98.0,1.0,1.0,1.0
after,aggressive,ch9_clearing_crisis,ch9_settle,3,0,104.0,104.2,105.0,105.8,106.0,8.0,9.0,9.0
after,aggressive,ch9_clearing_crisis,ch9_arrive,3,0,119.0,119.2,120.0,120.8,121.0,23.0,24.0,24.0
after,aggressive,ch10_digital_rails,ch10_news,3,0,119.0,119.2,120.0,120.8,121.0,0.0,0.0,0.0
after,aggressive,ch10_digital_rails,ch10_lina,3,0,121.0,121.2,122.0,122.8,123.0,2.0,2.0,2.0
after,aggressive,ch10_digital_rails,ch10_import,3,0,138.0,139.0,143.0,145.4,146.0,18.0,24.0,25.0
after,aggressive,ch10_digital_rails,ch10_arrive,3,0,150.0,151.0,155.0,157.4,158.0,30.0,36.0,37.0
after,aggressive,ch11_other_side_of_trust,ch11_news,3,0,150.0,151.2,156.0,158.4,159.0,0.0,1.0,1.0
after,aggressive,ch11_other_side_of_trust,ch11_order,3,0,177.0,177.8,181.0,194.6,198.0,23.0,27.0,43.0
after,aggressive,ch11_other_side_of_trust,ch11_freeze,3,0,177.0,177.8,181.0,194.6,198.0,23.0,27.0,43.0
after,aggressive,ch11_other_side_of_trust,ch11_restock,3,0,189.0,189.8,193.0,206.6,210.0,35.0,39.0,55.0
after,aggressive,ch12_regulation_scale,ch12_news,3,0,189.0,190.0,194.0,206.8,210.0,0.0,0.0,1.0
after,aggressive,ch12_regulation_scale,ch12_licence,3,0,191.0,192.0,196.0,208.8,212.0,2.0,2.0,3.0
after,aggressive,ch12_regulation_scale,ch12_kyc,3,0,204.0,204.2,205.0,217.0,220.0,10.0,12.0,15.0
after,aggressive,ch12_regulation_scale,ch12_offer,3,0,207.0,207.2,208.0,220.0,223.0,13.0,15.0,18.0
after,casual,ch1_arrival,ch1_phone,3,0,1.0,1.0,1.0,1.0,1.0,0.0,0.0,0.0
after,casual,ch1_arrival,ch1_outside,3,0,1.0,1.0,1.0,1.0,1.0,0.0,0.0,0.0
after,casual,ch1_arrival,ch1_coffee,3,0,1.0,1.0,1.0,1.0,1.0,0.0,0.0,0.0
after,casual,ch1_arrival,ch1_cowork,3,0,1.0,1.0,1.0,1.0,1.0,0.0,0.0,0.0
after,casual,ch1_arrival,ch1_board,3,0,1.0,1.0,1.0,1.0,1.0,0.0,0.0,0.0
after,casual,ch2_first_customer,ch2_supplier,3,0,3.0,3.0,3.0,3.0,3.0,2.0,2.0,2.0
after,casual,ch2_first_customer,ch2_stock,3,0,5.0,5.0,5.0,5.0,5.0,4.0,4.0,4.0
after,casual,ch2_first_customer,ch2_listing,3,0,5.0,5.0,5.0,5.0,5.0,4.0,4.0,4.0
after,casual,ch2_first_customer,ch2_order,3,0,5.0,5.0,5.0,5.0,5.0,4.0,4.0,4.0
after,casual,ch2_first_customer,ch2_ship,3,0,6.0,6.0,6.0,6.0,6.0,5.0,5.0,5.0
after,casual,ch2_first_customer,ch2_first_dollar,3,0,9.0,9.0,9.0,9.0,9.0,8.0,8.0,8.0
after,casual,ch2_first_customer,ch2_issue,3,0,10.0,10.0,10.0,10.0,10.0,9.0,9.0,9.0
after,casual,ch3_open_for_business,ch3_register,3,0,10.0,10.0,10.0,10.0,10.0,0.0,0.0,0.0
after,casual,ch3_open_for_business,ch3_bank,3,0,10.0,10.0,10.0,10.0,10.0,0.0,0.0,0.0
after,casual,ch3_open_for_business,ch3_workspace,3,0,10.0,10.0,10.0,10.0,10.0,0.0,0.0,0.0
after,casual,ch3_open_for_business,ch3_os,3,0,10.0,10.0,10.0,10.0,10.0,0.0,0.0,0.0
after,casual,ch4_growing_pains,ch4_employer,3,0,31.0,31.0,31.0,31.0,31.0,21.0,21.0,21.0
after,casual,ch4_growing_pains,ch4_post,3,0,31.0,31.0,31.0,31.0,31.0,21.0,21.0,21.0
after,casual,ch4_growing_pains,ch4_hire,3,0,32.0,32.0,32.0,32.0,32.0,22.0,22.0,22.0
after,casual,ch4_growing_pains,ch4_payroll,3,0,34.0,34.0,34.0,34.0,34.0,24.0,24.0,24.0
after,casual,ch4_growing_pains,ch4_forecast,3,0,34.0,34.0,34.0,34.0,34.0,24.0,24.0,24.0
after,casual,ch5_big_contract,ch5_meet,3,0,40.0,40.0,40.0,40.0,40.0,6.0,6.0,6.0
after,casual,ch5_big_contract,ch5_decide,3,0,41.0,41.0,41.0,41.0,41.0,7.0,7.0,7.0
after,casual,ch5_big_contract,ch5_stock,3,0,41.0,41.0,41.0,41.0,41.0,7.0,7.0,7.0
after,casual,ch5_big_contract,ch5_deliver,3,0,43.0,43.0,43.0,43.8,44.0,9.0,9.0,10.0
after,casual,ch6_cash_is_oxygen,ch6_forecast,3,0,44.0,44.0,44.0,44.8,45.0,1.0,1.0,1.0
after,casual,ch6_cash_is_oxygen,ch6_bridge,3,0,44.0,44.0,44.0,44.8,45.0,1.0,1.0,1.0
after,casual,ch6_cash_is_oxygen,ch6_collect,3,0,44.0,44.0,44.0,44.8,45.0,1.0,1.0,1.0
after,casual,ch6_cash_is_oxygen,ch6_close,3,0,62.0,62.0,62.0,62.0,62.0,18.0,19.0,19.0
after,casual,ch7_supply_shock,ch7_news,3,0,62.0,62.0,62.0,62.0,62.0,0.0,0.0,0.0
after,casual,ch7_supply_shock,ch7_ken,3,0,64.0,64.0,64.0,64.0,64.0,2.0,2.0,2.0
after,casual,ch7_supply_shock,ch7_stock,3,0,64.0,64.0,64.0,64.0,64.0,2.0,2.0,2.0
after,casual,ch7_supply_shock,ch7_price,0,3,NOT ACHIEVED,NOT ACHIEVED,NOT ACHIEVED,NOT ACHIEVED,NOT ACHIEVED,NOT ACHIEVED,NOT ACHIEVED,NOT ACHIEVED
after,casual,ch7_supply_shock,ch7_close,0,3,NOT ACHIEVED,NOT ACHIEVED,NOT ACHIEVED,NOT ACHIEVED,NOT ACHIEVED,NOT ACHIEVED,NOT ACHIEVED,NOT ACHIEVED
after,casual,ch8_green_shift,ch8_news,0,3,NOT ACHIEVED,NOT ACHIEVED,NOT ACHIEVED,NOT ACHIEVED,NOT ACHIEVED,NOT ACHIEVED,NOT ACHIEVED,NOT ACHIEVED
after,casual,ch8_green_shift,ch8_pack,0,3,NOT ACHIEVED,NOT ACHIEVED,NOT ACHIEVED,NOT ACHIEVED,NOT ACHIEVED,NOT ACHIEVED,NOT ACHIEVED,NOT ACHIEVED
after,casual,ch8_green_shift,ch8_product,0,3,NOT ACHIEVED,NOT ACHIEVED,NOT ACHIEVED,NOT ACHIEVED,NOT ACHIEVED,NOT ACHIEVED,NOT ACHIEVED,NOT ACHIEVED
after,casual,ch8_green_shift,ch8_grant,0,3,NOT ACHIEVED,NOT ACHIEVED,NOT ACHIEVED,NOT ACHIEVED,NOT ACHIEVED,NOT ACHIEVED,NOT ACHIEVED,NOT ACHIEVED
after,casual,ch9_clearing_crisis,ch9_news,0,3,NOT ACHIEVED,NOT ACHIEVED,NOT ACHIEVED,NOT ACHIEVED,NOT ACHIEVED,NOT ACHIEVED,NOT ACHIEVED,NOT ACHIEVED
after,casual,ch9_clearing_crisis,ch9_import,0,3,NOT ACHIEVED,NOT ACHIEVED,NOT ACHIEVED,NOT ACHIEVED,NOT ACHIEVED,NOT ACHIEVED,NOT ACHIEVED,NOT ACHIEVED
after,casual,ch9_clearing_crisis,ch9_lina,0,3,NOT ACHIEVED,NOT ACHIEVED,NOT ACHIEVED,NOT ACHIEVED,NOT ACHIEVED,NOT ACHIEVED,NOT ACHIEVED,NOT ACHIEVED
after,casual,ch9_clearing_crisis,ch9_settle,0,3,NOT ACHIEVED,NOT ACHIEVED,NOT ACHIEVED,NOT ACHIEVED,NOT ACHIEVED,NOT ACHIEVED,NOT ACHIEVED,NOT ACHIEVED
after,casual,ch9_clearing_crisis,ch9_arrive,0,3,NOT ACHIEVED,NOT ACHIEVED,NOT ACHIEVED,NOT ACHIEVED,NOT ACHIEVED,NOT ACHIEVED,NOT ACHIEVED,NOT ACHIEVED
after,casual,ch10_digital_rails,ch10_news,0,3,NOT ACHIEVED,NOT ACHIEVED,NOT ACHIEVED,NOT ACHIEVED,NOT ACHIEVED,NOT ACHIEVED,NOT ACHIEVED,NOT ACHIEVED
after,casual,ch10_digital_rails,ch10_lina,0,3,NOT ACHIEVED,NOT ACHIEVED,NOT ACHIEVED,NOT ACHIEVED,NOT ACHIEVED,NOT ACHIEVED,NOT ACHIEVED,NOT ACHIEVED
after,casual,ch10_digital_rails,ch10_import,0,3,NOT ACHIEVED,NOT ACHIEVED,NOT ACHIEVED,NOT ACHIEVED,NOT ACHIEVED,NOT ACHIEVED,NOT ACHIEVED,NOT ACHIEVED
after,casual,ch10_digital_rails,ch10_arrive,0,3,NOT ACHIEVED,NOT ACHIEVED,NOT ACHIEVED,NOT ACHIEVED,NOT ACHIEVED,NOT ACHIEVED,NOT ACHIEVED,NOT ACHIEVED
after,casual,ch11_other_side_of_trust,ch11_news,0,3,NOT ACHIEVED,NOT ACHIEVED,NOT ACHIEVED,NOT ACHIEVED,NOT ACHIEVED,NOT ACHIEVED,NOT ACHIEVED,NOT ACHIEVED
after,casual,ch11_other_side_of_trust,ch11_order,0,3,NOT ACHIEVED,NOT ACHIEVED,NOT ACHIEVED,NOT ACHIEVED,NOT ACHIEVED,NOT ACHIEVED,NOT ACHIEVED,NOT ACHIEVED
after,casual,ch11_other_side_of_trust,ch11_freeze,0,3,NOT ACHIEVED,NOT ACHIEVED,NOT ACHIEVED,NOT ACHIEVED,NOT ACHIEVED,NOT ACHIEVED,NOT ACHIEVED,NOT ACHIEVED
after,casual,ch11_other_side_of_trust,ch11_restock,0,3,NOT ACHIEVED,NOT ACHIEVED,NOT ACHIEVED,NOT ACHIEVED,NOT ACHIEVED,NOT ACHIEVED,NOT ACHIEVED,NOT ACHIEVED
after,casual,ch12_regulation_scale,ch12_news,0,3,NOT ACHIEVED,NOT ACHIEVED,NOT ACHIEVED,NOT ACHIEVED,NOT ACHIEVED,NOT ACHIEVED,NOT ACHIEVED,NOT ACHIEVED
after,casual,ch12_regulation_scale,ch12_licence,0,3,NOT ACHIEVED,NOT ACHIEVED,NOT ACHIEVED,NOT ACHIEVED,NOT ACHIEVED,NOT ACHIEVED,NOT ACHIEVED,NOT ACHIEVED
after,casual,ch12_regulation_scale,ch12_kyc,0,3,NOT ACHIEVED,NOT ACHIEVED,NOT ACHIEVED,NOT ACHIEVED,NOT ACHIEVED,NOT ACHIEVED,NOT ACHIEVED,NOT ACHIEVED
after,casual,ch12_regulation_scale,ch12_offer,0,3,NOT ACHIEVED,NOT ACHIEVED,NOT ACHIEVED,NOT ACHIEVED,NOT ACHIEVED,NOT ACHIEVED,NOT ACHIEVED,NOT ACHIEVED
