strategy,seed,operating_profit,revenue,closing_cash,flips,fleet,utilization,breakdowns,claims,crises,stage,worst_30_day_profit
conservative,68001,11757.50,109947.00,68687.50,7,0,0.000,0,0,0,1,-3600.00
conservative,68002,15663.00,120982.00,100663.00,10,0,0.000,0,0,0,1,-3628.00
conservative,68003,-7916.50,33497.00,71825.00,2,0,0.000,0,0,0,1,-4574.00
normal,68001,14419.30,215890.20,84331.30,11,10,0.671,3,1,5,2,-10176.00
normal,68002,16730.56,197008.06,75064.06,12,10,0.800,0,1,4,2,-7260.11
normal,68003,7676.67,199708.77,81712.67,13,10,0.614,1,4,4,2,-8787.30
aggressive,68001,-12345.02,306131.38,20755.38,21,14,0.000,6,0,5,2,-11487.10
aggressive,68002,9092.04,340403.94,29501.94,23,14,0.000,3,0,4,2,-20382.14
aggressive,68003,-36961.44,188283.46,1559.46,13,14,0.046,2,0,2,2,-15440.62
# conservative mean 6501.33 min -7916.50 max 15663.00 losing 1 worst30d -4574.00 utilization 0.000
# normal mean 12942.18 min 7676.67 max 16730.56 losing 0 worst30d -10176.00 utilization 0.695
# aggressive mean -13404.81 min -36961.44 max 9092.04 losing 2 worst30d -20382.14 utilization 0.015
